TC-INTO-CPS-Demo-BCS-0001;NOT TESTED
TC-INTO-CPS-Demo-BCS-0002;NOT TESTED
TC-INTO-CPS-Demo-BCS-0003;NOT TESTED
TC-INTO-CPS-Demo-BCS-0004;NOT TESTED
TC-INTO-CPS-Demo-BCS-0005;NOT TESTED
TC-INTO-CPS-Demo-BCS-0006;NOT TESTED
TC-INTO-CPS-Demo-BCS-0007;NOT TESTED
TC-INTO-CPS-Demo-BCS-0008;NOT TESTED
TC-INTO-CPS-Demo-BCS-0009;NOT TESTED
TC-INTO-CPS-Demo-BCS-0010;NOT TESTED
TC-INTO-CPS-Demo-BCS-0011;NOT TESTED
TC-INTO-CPS-Demo-BCS-0012;NOT TESTED
TC-INTO-CPS-Demo-BCS-0013;NOT TESTED
TC-INTO-CPS-Demo-BCS-0014;NOT TESTED
TC-INTO-CPS-Demo-BCS-0015;NOT TESTED
TC-INTO-CPS-Demo-BCS-0016;NOT TESTED
TC-INTO-CPS-Demo-BCS-0017;NOT TESTED
TC-INTO-CPS-Demo-BCS-0018;NOT TESTED
TC-INTO-CPS-Demo-BCS-0019;NOT TESTED
TC-INTO-CPS-Demo-GOAL-0003;NOT TESTED
TC-INTO-CPS-Demo-TR-0001;NOT TESTED
TC-INTO-CPS-Demo-TR-0002;NOT TESTED
TC-INTO-CPS-Demo-TR-0003;NOT TESTED
TC-INTO-CPS-Demo-TR-0004;NOT TESTED
TC-INTO-CPS-Demo-TR-0005;NOT TESTED
TC-INTO-CPS-Demo-TR-0006;NOT TESTED
TC-INTO-CPS-Demo-TR-0007;NOT TESTED
TC-INTO-CPS-Demo-TR-0008;NOT TESTED
TC-INTO-CPS-Demo-TR-0009;NOT TESTED
TC-INTO-CPS-Demo-TR-0010;NOT TESTED
TC-INTO-CPS-Demo-TR-0011;NOT TESTED
TC-INTO-CPS-Demo-TR-0012;NOT TESTED
TC-INTO-CPS-Demo-TR-0013;NOT TESTED
TC-INTO-CPS-Demo-TR-0014;NOT TESTED
TC-INTO-CPS-Demo-TR-0015;NOT TESTED
